{
  "supervisor": {
    "acc": 0.6680708407451571,
    "f1": 0.6828069124216756
  },
  "trend_catboost": {
    "acc": 0.3982495064214086,
    "f1": 0.43341239743590704
  },
  "fibo_xgboost": {
    "acc": 0.6943771135914929,
    "f1": 0.6646859636025269
  },
  "candle_catboost": {
    "acc": 0.4813955079461266,
    "f1": 0.5041112998768794
  },
  "trap_xgboost": {
    "acc": 0.6891872080067244,
    "f1": 0.6649993011537652
  },
  "lgbm": {
    "acc": 0.6788807005883848,
    "f1": 0.6635093995914108
  },
  "lstm": {
    "acc": 0.7010037726997282,
    "f1": 0.5777838911660056
  }
}